"","Country","2020-01-25","2020-01-26","2020-01-27","2020-01-28","2020-01-29","2020-01-30","2020-01-31","2020-02-01","2020-02-02","2020-02-03","2020-02-04","2020-02-05","2020-02-06","2020-02-07","2020-02-08","2020-02-09","2020-02-10","2020-02-11","2020-02-12","2020-02-13","2020-02-14","2020-02-15","2020-02-16","2020-02-17","2020-02-18","2020-02-19","2020-02-20","2020-02-21","2020-02-22","2020-02-23","2020-02-24","2020-02-25","2020-02-26","2020-02-27","2020-02-28","2020-02-29","2020-03-01","2020-03-02","2020-03-03","2020-03-04","2020-03-05","2020-03-06","2020-03-07","2020-03-08","2020-03-09","2020-03-10","2020-03-11","2020-03-12","2020-03-13","2020-03-14","2020-03-15","2020-03-16","2020-03-17","2020-03-18","2020-03-19","2020-03-20","2020-03-21","2020-03-22","2020-03-23","2020-03-24","2020-03-25","2020-03-26","2020-03-27","2020-03-28","2020-03-29","2020-03-30","2020-03-31","2020-04-01","2020-04-02","2020-04-03","2020-04-04","2020-04-05","2020-04-06","2020-04-07","2020-04-08","2020-04-09","2020-04-10","2020-04-11","2020-04-12","2020-04-13","2020-04-14","2020-04-15","2020-04-16","2020-04-17","2020-04-18","2020-04-19","2020-04-20","2020-04-21","2020-04-22","2020-04-23","2020-04-24","2020-04-25","2020-04-26","2020-04-27","2020-04-28","2020-04-29","2020-04-30","2020-05-01","2020-05-02","2020-05-03","2020-05-04","2020-05-05","2020-05-06","2020-05-07","2020-05-08","2020-05-09","2020-05-10","2020-05-11","2020-05-12","2020-05-13","2020-05-14","2020-05-15","2020-05-16","2020-05-17","2020-05-18","2020-05-19","2020-05-20","2020-05-21","2020-05-22","2020-05-23","2020-05-24","2020-05-25","2020-05-26","2020-05-27","2020-05-28","2020-05-29","2020-05-30","2020-05-31","2020-06-01","2020-06-02","2020-06-03","2020-06-04","2020-06-05","2020-06-06","2020-06-07"
"1","Albania",NA,NA,NA,NA,NA,NA,NA,NA,NA,NA,NA,NA,NA,NA,NA,NA,NA,NA,NA,NA,NA,NA,NA,NA,NA,NA,NA,NA,NA,NA,NA,NA,NA,NA,NA,NA,NA,NA,NA,NA,NA,NA,NA,NA,2,2,10,10,23,33,38,42,51,55,59,70,70,76,89,123,146,174,186,197,212,223,223,243,277,277,333,333,377,377,400,409,416,416,446,446,475,475,494,518,548,548,562,609,634,634,678,678,712,726,736,766,773,773,789,795,795,803,832,832,850,856,868,868,872,876,880,898,933,946,948,948,964,969,969,981,989,1004,1029,1050,1099,1076,1122,1136,1143,1164,1176,1197,1212,1232,1246
"2","Austria",NA,NA,NA,NA,NA,NA,NA,NA,NA,NA,NA,NA,NA,NA,NA,NA,NA,NA,NA,NA,NA,NA,NA,NA,NA,NA,NA,NA,NA,NA,NA,NA,2,2,4,5,10,10,18,24,37,47,66,104,112,131,182,302,361,504,800,959,1132,1332,1646,1843,2649,3024,3631,4486,5282,5888,7029,7697,8291,8813,9618,10182,10711,11129,11525,11766,11983,12297,12640,12969,13248,13560,13807,13937,14043,14234,14370,14448,14603,14662,14710,14783,14833,14924,14985,15068,15134,15189,15256,15314,15364,15457,15531,15558,15597,15621,15586,15651,15673,15735,15777,15787,15874,15910,15964,16005,16068,16140,16154,16179,16257,16275,16332,16361,16407,16439,16459,16497,16543,16515,16594,16638,16642,16663,16674,16705,16741,16803,16822
"3","Belgium",NA,NA,NA,NA,NA,NA,NA,NA,NA,NA,NA,1,1,1,1,1,1,1,1,1,1,1,1,1,1,1,1,1,1,1,1,1,1,1,1,1,1,1,8,8,23,50,109,169,200,239,267,314,314,599,689,1085,1085,1486,1486,1795,2257,2815,3401,3743,4269,4937,6235,7284,9134,10836,11899,12775,13964,15348,16770,18431,19691,20814,22194,23403,24983,26667,28018,29647,30589,31119,33573,34809,36138,37183,38496,39983,40956,41889,42797,44293,45325,46134,46687,47334,47859,48519,49032,49517,49906,50267,50509,50781,51420,52011,52596,53081,53449,53779,53981,54288,54644,54989,55280,55559,55791,55983,56235,56511,56810,57092,57342,57455,57849,57592,58061,58186,58381,58517,58615,58685,58767,58907,59072
"4","Bosnia and Herzegovina",NA,NA,NA,NA,NA,NA,NA,NA,NA,NA,NA,NA,NA,NA,NA,NA,NA,NA,NA,NA,NA,NA,NA,NA,NA,NA,NA,NA,NA,NA,NA,NA,NA,NA,NA,NA,NA,NA,NA,NA,2,2,2,2,2,2,4,4,4,11,18,18,19,19,36,44,44,92,125,131,164,173,213,233,269,325,359,413,464,521,586,632,662,695,781,816,875,901,948,1007,1034,1086,1116,1169,1210,1268,1286,1300,1340,1367,1413,1428,1485,1516,1564,1588,1689,1757,1757,1757,1857,1926,1968,2017,2027,2070,2070,2098,2142,2162,2181,2216,2237,2265,2289,2303,2319,2334,2352,2371,2371,2391,2405,2415,2462,2415,2484,2493,2509,2523,2534,2550,2593,2605,2645
"5","Brazil",NA,NA,NA,NA,NA,NA,NA,NA,NA,NA,NA,NA,NA,NA,NA,NA,NA,NA,NA,NA,NA,NA,NA,NA,NA,NA,NA,NA,NA,NA,NA,NA,NA,1,1,1,2,2,2,2,3,7,13,19,25,25,34,52,77,98,121,200,234,234,291,428,621,904,904,1546,2201,2433,2433,2915,3417,3904,4256,4579,5717,6836,7910,9056,10278,11130,12056,13717,15927,17857,19638,20727,22169,23430,25262,28320,30425,33682,36599,38654,40581,43079,45757,49492,52995,58509,61888,66501,71886,78162,85380,91589,96559,101147,107780,114715,125218,135106,145328,155939,162699,168331,177589,188974,202918,218223,233142,241080,254220,271628,291579,310087,330890,347398,363211,374898,411821,391222,438238,465166,498440,514849,526447,555383,584016,614941,645771
"6","Canada",NA,NA,1,2,3,3,3,4,4,4,4,5,5,7,7,7,7,7,7,7,7,7,7,7,8,8,8,8,8,9,9,10,10,11,11,14,19,19,27,30,30,45,51,57,62,77,93,93,138,176,244,304,424,424,569,736,846,1048,1384,1432,1739,3409,3555,4018,4757,5655,6317,7695,9005,10114,11732,12938,13904,15806,17049,18433,19759,21226,22544,23702,24786,26146,27540,28884,30659,32400,33909,35383,37374,38923,40813,42739,44353,45778,47316,49014,50363,52056,53657,55572,59365,59844,61159,62458,63895,65399,66780,67996,69156,70342,71486,72536,73829,74993,76204,77306,78499,79502,80555,81765,82892,84081,85103,85998,87902,86939,88856,89741,90516,91351,92151,92748,93441,94070,94335
"7","Croatia",NA,NA,NA,NA,NA,NA,NA,NA,NA,NA,NA,NA,NA,NA,NA,NA,NA,NA,NA,NA,NA,NA,NA,NA,NA,NA,NA,NA,NA,NA,NA,NA,2,3,3,5,7,7,8,9,9,10,11,11,11,12,16,16,16,27,37,49,56,65,81,81,126,206,235,306,382,418,495,586,657,713,790,867,963,1011,1079,1126,1182,1222,1282,1343,1407,1495,1534,1600,1650,1704,1741,1791,1814,1832,1871,1881,1908,1950,1981,2009,2016,2030,2039,2047,2062,2076,2085,2088,2096,2101,2112,2119,2125,2161,2176,2187,2196,2207,2213,2221,2222,2224,2226,2228,2232,2234,2237,2243,2243,2244,2244,2244,2245,2244,2245,2246,2246,2246,2246,2246,2247,2247,2247
"8","Czechia",NA,NA,NA,NA,NA,NA,NA,NA,NA,NA,NA,NA,NA,NA,NA,NA,NA,NA,NA,NA,NA,NA,NA,NA,NA,NA,NA,NA,NA,NA,NA,NA,NA,NA,NA,NA,NA,3,3,5,5,12,12,26,32,38,61,94,116,150,214,298,383,434,522,694,904,995,1165,1236,1394,1654,2062,2279,2663,2829,3002,3308,3589,3858,4190,4472,4587,4822,5017,5312,5569,5732,5902,5991,6059,6141,6303,6433,6549,6654,6787,6914,7041,7136,7188,7273,7352,7404,7449,7504,7579,7682,7737,7755,7781,7819,7896,7974,8031,8077,8095,8123,8176,8221,8269,8351,8406,8455,8475,8586,8647,8721,8754,8813,8890,8957,9002,9050,9140,9086,9196,9230,9273,9302,9364,9438,9494,9529,9567
"9","Denmark",NA,NA,NA,NA,NA,NA,NA,NA,NA,NA,NA,NA,NA,NA,NA,NA,NA,NA,NA,NA,NA,NA,NA,NA,NA,NA,NA,NA,NA,NA,NA,NA,NA,1,1,2,3,4,5,8,10,18,23,31,36,90,262,615,674,801,827,898,960,977,1044,1132,1255,1326,1395,1460,1591,1724,1877,2046,2201,2395,2577,2860,3107,3386,3757,4077,4369,4681,5071,5402,5635,5819,5996,6174,6318,6511,6681,6879,7073,7242,7384,7515,7695,7912,8073,8210,8445,8575,8698,8851,9008,9158,9311,9407,9523,9670,9821,9983,10083,10218,10319,10429,10513,10591,10667,10713,10791,10858,10927,10968,11044,11117,11182,11230,11289,11360,11387,11428,11512,11480,11593,11633,11669,11699,11734,11771,11811,11875,11924
"10","Ecuador",NA,NA,NA,NA,NA,NA,NA,NA,NA,NA,NA,NA,NA,NA,NA,NA,NA,NA,NA,NA,NA,NA,NA,NA,NA,NA,NA,NA,NA,NA,NA,NA,NA,NA,NA,NA,1,1,6,7,7,13,14,14,15,15,15,17,17,23,23,37,58,58,155,199,367,506,532,790,1049,1211,1211,1595,1823,1835,1962,2240,2372,3163,3163,3465,3465,3747,3747,4450,4965,7161,7257,7466,7529,7603,7858,8225,8450,9022,9468,10128,10398,10850,11183,22719,22719,22719,23240,24258,24675,24934,26336,27464,29538,31881,31881,29420,30298,30298,28818,29559,29509,30419,30486,30502,30502,31467,32723,33182,34151,34151,34854,35828,36258,36756,37355,37355,38471,38103,38571,38571,39098,39098,40414,40966,40966,42106,42728
"11","El Salvador",NA,NA,NA,NA,NA,NA,NA,NA,NA,NA,NA,NA,NA,NA,NA,NA,NA,NA,NA,NA,NA,NA,NA,NA,NA,NA,NA,NA,NA,NA,NA,NA,NA,NA,NA,NA,NA,NA,NA,NA,NA,NA,NA,NA,NA,NA,NA,NA,NA,NA,NA,NA,NA,NA,NA,1,1,1,1,3,5,13,13,13,19,24,30,30,32,41,46,56,62,69,78,93,103,117,118,125,137,149,159,164,177,190,201,218,225,237,250,261,274,298,323,345,377,395,424,446,490,555,587,633,695,742,784,889,958,998,1037,1112,1210,1265,1338,1413,1498,1571,1640,1725,1819,1915,1983,2042,2194,2109,2278,2395,2517,2582,2653,2705,2781,2849,2934
"12","Estonia",NA,NA,NA,NA,NA,NA,NA,NA,NA,NA,NA,NA,NA,NA,NA,NA,NA,NA,NA,NA,NA,NA,NA,NA,NA,NA,NA,NA,NA,NA,NA,NA,NA,1,1,1,1,1,1,2,2,3,10,10,10,10,13,13,13,79,79,205,205,225,258,267,283,306,326,352,369,404,538,575,640,679,715,745,779,858,961,1018,1097,1108,1149,1185,1207,1258,1304,1309,1332,1373,1402,1434,1459,1512,1528,1535,1552,1559,1592,1605,1635,1643,1647,1660,1666,1689,1694,1699,1700,1703,1711,1713,1720,1725,1733,1739,1741,1746,1751,1758,1766,1770,1774,1784,1791,1794,1800,1807,1821,1823,1824,1834,1851,1840,1859,1865,1869,1870,1870,1880,1890,1910,1931
"13","Finland",NA,NA,NA,NA,NA,1,1,1,1,1,1,1,1,1,1,1,1,1,1,1,1,1,1,1,1,1,1,1,1,1,1,1,1,2,2,2,2,6,7,7,7,12,19,19,30,40,40,40,109,109,210,267,272,319,359,369,450,521,626,700,792,880,958,1025,1218,1218,1313,1384,1446,1518,1615,1882,1927,2176,2308,2487,2605,2769,2905,2974,3064,3161,3237,3369,3489,3681,3783,3868,4014,4129,4284,4395,4475,4576,4695,4740,4906,4995,5051,5179,5254,5327,5412,5573,5673,5738,5880,5962,5984,6003,6054,6145,6228,6286,6347,6380,6399,6443,6493,6537,6568,6579,6599,6628,6743,6692,6776,6826,6859,6885,6887,6911,6911,6941,6964
"14","France",NA,3,3,3,4,5,6,6,6,6,6,6,6,6,6,11,11,11,11,11,11,11,12,12,12,12,12,12,12,12,12,12,12,18,38,57,100,100,191,212,282,420,613,706,1116,1402,1774,2269,2860,3640,4469,5380,6573,7652,9043,10877,12475,14296,15821,19615,22025,24920,28786,32542,37145,39642,43977,51477,56261,58327,63536,67757,69607,73488,77226,81095,85351,89683,92787,94382,97050,102533,105155,107778,108163,110721,111463,113513,116151,117961,119583,121338,122875,123279,127008,125464,127066,128121,128722,129458,129708,130242,131292,135468,135980,136578,137008,137073,137491,138161,138609,139152,139646,140008,140036,140497,140959,141312,141590,141949,142173,142204,142482,142704,146122,142852,146657,148436,148524,148775,147935,148263,148941,149495,150022
"15","Germany",NA,NA,NA,1,4,4,5,7,8,10,12,12,12,13,14,14,14,14,16,16,16,16,16,16,16,16,16,16,16,16,16,16,18,21,26,57,57,129,157,196,262,534,639,795,1112,1139,1296,1567,2369,3062,3795,4838,6012,7156,8198,10999,18323,21463,24774,29212,31554,36508,42288,48582,52547,57298,61913,67366,73522,79696,85778,91714,95391,99225,103228,108202,113525,117658,120479,123016,125098,127584,130450,133830,137439,139897,141672,143457,145694,148046,150383,152438,154175,155193,156337,157641,159119,159119,161703,162496,163175,163860,164897,166091,167300,168551,169218,169575,170508,171306,172239,173152,173772,174355,174697,175210,176007,176752,177212,177850,178281,178570,179002,179364,180458,179717,181196,181482,181815,182028,182370,182764,183271,183678,183979
"16","Greece",NA,NA,NA,NA,NA,NA,NA,NA,NA,NA,NA,NA,NA,NA,NA,NA,NA,NA,NA,NA,NA,NA,NA,NA,NA,NA,NA,NA,NA,NA,NA,NA,NA,1,3,3,3,7,7,7,9,32,32,66,73,73,89,98,98,98,228,331,331,387,418,418,495,530,624,695,743,821,892,966,1061,1156,1212,1314,1375,1514,1613,1673,1735,1755,1832,1884,1955,2011,2081,2114,2145,2170,2192,2207,2207,2207,2235,2245,2401,2408,2463,2490,2506,2506,2534,2534,2576,2591,2591,2620,2626,2632,2642,2663,2678,2691,2710,2716,2726,2744,2760,2770,2810,2819,2834,2836,2840,2850,2853,2873,2876,2878,2882,2892,2906,2903,2909,2915,2917,2917,2918,2937,2937,2937,2952
"17","Honduras",NA,NA,NA,NA,NA,NA,NA,NA,NA,NA,NA,NA,NA,NA,NA,NA,NA,NA,NA,NA,NA,NA,NA,NA,NA,NA,NA,NA,NA,NA,NA,NA,NA,NA,NA,NA,NA,NA,NA,NA,NA,NA,NA,NA,NA,NA,NA,2,2,2,2,2,8,8,9,12,24,24,26,30,30,52,52,67,67,110,139,139,172,219,222,264,268,298,305,312,343,382,392,393,397,407,419,426,442,457,472,477,494,510,519,562,591,627,661,702,738,771,804,899,1010,1055,1178,1270,1461,1685,1771,1830,1972,2100,2080,2255,2318,2460,2565,2646,2798,2955,3100,3204,3477,3743,3950,4189,4640,4401,4752,4886,5094,5202,5362,5527,5690,5880,5971
"18","Hungary",NA,NA,NA,NA,NA,NA,NA,NA,NA,NA,NA,NA,NA,NA,NA,NA,NA,NA,NA,NA,NA,NA,NA,NA,NA,NA,NA,NA,NA,NA,NA,NA,NA,NA,NA,NA,NA,NA,NA,NA,2,2,5,7,9,9,13,13,16,19,32,39,50,50,58,73,85,131,167,187,226,261,300,343,408,447,447,492,525,585,678,733,744,817,895,980,1190,1310,1410,1458,1512,1579,1652,1763,1834,1916,1984,2098,2168,2284,2383,2443,2500,2583,2649,2727,2775,2863,2942,2998,3035,3065,3111,3150,3178,3213,3263,3284,3313,3341,3380,3417,3473,3509,3535,3556,3598,3641,3678,3713,3741,3756,3771,3793,3841,3816,3841,3867,3876,3921,3931,3931,3954,3970,3970
"19","Iceland",NA,NA,NA,NA,NA,NA,NA,NA,NA,NA,NA,NA,NA,NA,NA,NA,NA,NA,NA,NA,NA,NA,NA,NA,NA,NA,NA,NA,NA,NA,NA,NA,NA,NA,NA,NA,NA,2,9,16,26,26,45,45,55,55,61,61,61,61,138,138,199,225,250,330,409,473,568,588,648,737,802,890,963,1020,1086,1135,1220,1319,1364,1417,1486,1562,1586,1616,1648,1675,1689,1701,1711,1720,1727,1739,1754,1760,1771,1773,1778,1785,1789,1789,1790,1792,1792,1795,1797,1797,1798,1798,1799,1799,1799,1799,1801,1801,1801,1801,1801,1801,1802,1802,1802,1802,1802,1802,1802,1803,1803,1803,1804,1804,1804,1804,1805,1805,1805,1806,1806,1806,1806,1806,1806,1806,1806
"20","India",NA,NA,NA,NA,NA,1,1,1,2,3,3,3,3,3,3,3,3,3,3,3,3,3,3,3,3,3,3,3,3,3,3,3,3,3,3,3,3,3,5,6,29,30,31,34,43,44,60,73,74,82,107,114,137,137,151,195,195,283,415,434,562,649,724,724,979,1071,1071,1636,1636,1965,2301,3374,4067,4067,5194,5734,6412,7447,8356,9152,10363,11439,12380,13387,14378,15712,17265,18601,19984,21393,23077,24506,26496,27892,29435,31332,33050,35043,37336,39980,42533,46433,49391,52952,56342,59662,62939,67152,70756,74281,78003,81970,85940,90927,96169,101139,106750,112359,118447,125101,131868,138845,145380,151767,165799,158333,173763,182143,190535,198706,207615,216919,226770,236657,246628
"21","Indonesia",NA,NA,NA,NA,NA,NA,NA,NA,NA,NA,NA,NA,NA,NA,NA,NA,NA,NA,NA,NA,NA,NA,NA,NA,NA,NA,NA,NA,NA,NA,NA,NA,NA,NA,NA,NA,NA,2,2,2,2,2,2,4,6,19,27,34,34,69,117,117,172,172,227,309,369,450,514,579,686,790,893,1046,1155,1285,1414,1528,1677,1790,1986,2092,2273,2491,2738,2956,3512,3512,4241,4241,4557,4839,5136,5516,5923,6248,6575,6760,7135,7418,7775,8211,8607,8882,9096,9511,9771,10118,10551,10843,11192,11587,12071,12438,12776,13112,13645,14032,14265,14749,15438,16006,16496,17025,17514,18010,18496,19189,20162,20796,21745,22271,22750,23165,24538,23851,25216,25773,26473,26940,27549,28233,28818,29521,30514
"22","Ireland",NA,NA,NA,NA,NA,NA,NA,NA,NA,NA,NA,NA,NA,NA,NA,NA,NA,NA,NA,NA,NA,NA,NA,NA,NA,NA,NA,NA,NA,NA,NA,NA,NA,NA,NA,NA,1,1,1,2,2,14,18,19,21,24,34,43,70,90,129,169,223,292,292,557,683,785,906,1125,1329,1564,1819,2121,2415,2615,2910,3235,3447,3849,4273,4604,5111,5364,5709,6224,7393,8089,8928,9655,10647,11479,12547,13271,13980,14758,15251,15652,16040,16671,17607,18184,18561,19262,19648,19877,20253,20612,20833,21176,21506,21722,21983,22248,22385,22541,22760,22996,23135,23242,23401,23827,23956,24048,24112,24200,24251,24315,24391,24506,24582,24639,24698,24735,24841,24803,24876,24929,24990,25062,25066,25111,25142,25163,25183
"23","Italy",NA,NA,NA,NA,NA,NA,2,2,2,2,2,2,2,3,3,3,3,3,3,3,3,3,3,3,3,3,3,3,9,76,124,229,322,400,650,888,1128,1689,2036,2502,3089,3858,4636,5883,7375,9172,10149,12462,15113,17660,21157,24747,27980,31506,35713,41035,47021,53578,59138,63927,69176,74386,80539,86498,92472,97689,101739,105792,110574,115242,119827,124632,128948,132547,135586,139422,143626,147577,152271,156363,159516,162488,165155,168941,172434,175925,178972,181228,183957,187327,189973,192994,195351,197675,199414,201505,203591,205463,207428,209328,210717,211938,213013,214457,215858,217185,218268,219070,219814,221216,222104,223096,223885,224760,225435,225886,226699,227364,228006,228658,229327,229858,230158,230555,231732,231139,232248,232664,233019,233197,233515,233836,234013,234531,234801
"24","Japan",3,3,4,6,7,11,14,17,20,20,20,33,25,25,25,26,26,26,28,29,33,41,53,59,65,73,85,93,105,132,144,157,164,186,210,230,239,254,268,284,317,349,408,455,488,514,568,620,675,716,780,814,829,829,873,950,996,1046,1089,1128,1193,1291,1387,1499,1693,1866,1953,2178,2384,2617,2920,3271,3654,3906,4257,4768,5347,6005,6748,7255,7645,8100,8582,9167,9795,10361,10751,11119,11496,11919,12388,12829,13182,13385,13576,13852,14088,14281,14545,14839,15057,15231,15354,15463,15547,15628,15747,15798,15874,16024,16079,16193,16237,16285,16305,16365,16385,16424,16513,16536,16550,16581,16623,16651,16719,16683,16804,16851,16884,16930,16986,17018,17064,17103,17141
"25","Kazakhstan",NA,NA,NA,NA,NA,NA,NA,NA,NA,NA,NA,NA,NA,NA,NA,NA,NA,NA,NA,NA,NA,NA,NA,NA,NA,NA,NA,NA,NA,NA,NA,NA,NA,NA,NA,NA,NA,NA,NA,NA,NA,NA,NA,NA,NA,NA,NA,NA,NA,NA,6,6,6,33,36,46,53,56,60,63,79,97,125,204,265,294,312,348,386,435,460,531,604,670,709,727,802,859,897,979,1091,1275,1295,1480,1546,1546,1546,1852,1995,2025,2025,2416,2601,2791,2982,3078,3333,3551,3785,3877,3988,4160,4298,4509,4578,4922,5056,5138,5207,5417,5571,5689,5850,6157,6440,6751,6969,7234,7597,7919,8322,8531,8969,9304,9932,9576,10382,10858,11308,11571,11796,12067,12312,12511,12694
"26","Kosovo",NA,NA,NA,NA,NA,NA,NA,NA,NA,NA,NA,NA,NA,NA,NA,NA,NA,NA,NA,NA,NA,NA,NA,NA,NA,NA,NA,NA,NA,NA,NA,NA,NA,NA,NA,NA,NA,NA,NA,NA,NA,NA,NA,NA,NA,NA,NA,NA,NA,NA,NA,NA,NA,NA,NA,NA,NA,NA,31,61,63,71,79,88,91,94,106,112,125,126,132,140,145,165,184,224,227,250,283,362,377,387,397,449,480,510,535,572,604,630,669,703,731,763,780,790,799,799,813,823,851,855,856,860,861,862,870,870,884,919,919,944,944,944,955,955,989,989,1003,1004,1025,1032,1038,1038,1048,1047,1048,1064,1064,1067,1080,1142,1142,1142,1151
"27","Kuwait",NA,NA,NA,NA,NA,NA,NA,NA,NA,NA,NA,NA,NA,NA,NA,NA,NA,NA,NA,NA,NA,NA,NA,NA,NA,NA,NA,NA,NA,NA,3,8,12,43,43,45,45,56,56,56,58,58,58,62,64,65,69,80,80,100,112,112,130,130,142,148,159,176,189,191,195,208,208,235,235,255,266,289,342,417,479,556,556,665,743,855,910,993,1154,1234,1300,1355,1405,1524,1658,1751,1915,1995,2080,2248,2399,2614,2892,3075,3288,3440,3740,4024,4377,4619,4983,5278,5804,6289,6567,7208,7623,8688,9286,10277,11028,11975,12860,13802,14850,15691,16764,17568,18609,19564,20464,21302,21967,22575,24112,23267,25184,26192,27043,27762,28649,29359,29921,30644,31131
"28","Lithuania",NA,NA,NA,NA,NA,NA,NA,NA,NA,NA,NA,NA,NA,NA,NA,NA,NA,NA,NA,NA,NA,NA,NA,NA,NA,NA,NA,NA,NA,NA,NA,NA,NA,NA,1,1,1,1,1,1,1,1,1,1,1,1,1,3,3,6,9,14,17,25,26,36,69,105,143,179,209,274,299,358,394,484,484,533,581,649,771,771,811,843,880,912,955,999,1053,1062,1070,1070,1091,1149,1239,1298,1326,1350,1370,1398,1410,1410,1438,1449,1449,1449,1375,1385,1399,1406,1410,1419,1423,1428,1433,1436,1444,1479,1485,1491,1505,1511,1523,1534,1541,1547,1562,1577,1594,1604,1616,1623,1635,1639,1656,1647,1662,1670,1675,1678,1682,1684,1687,1694,1705
"29","Malaysia",NA,3,4,4,4,7,8,8,8,8,10,10,12,14,15,17,18,18,18,18,19,21,22,22,22,22,22,22,22,22,22,22,22,22,24,24,24,24,29,50,50,55,83,93,93,117,129,129,129,197,238,553,553,553,673,900,1030,1183,1306,1518,1624,1796,2031,2161,2320,2470,2626,2766,2908,3116,3333,3483,3662,3793,3963,4119,4228,4346,4530,4683,4817,4987,5072,5182,5251,5305,5389,5424,5482,5532,5603,5691,5742,5780,5820,5851,5945,6002,6071,6176,6298,6353,6383,6428,6467,6535,6589,6656,6726,6742,6779,6819,6855,6872,6894,6941,6978,7009,7059,7137,7185,7245,7417,7604,7629,7619,7732,7762,7819,7857,7877,7970,8247,8266,8303
"30","Mauritius",NA,NA,NA,NA,NA,NA,NA,NA,NA,NA,NA,NA,NA,NA,NA,NA,NA,NA,NA,NA,NA,NA,NA,NA,NA,NA,NA,NA,NA,NA,NA,NA,NA,NA,NA,NA,NA,NA,NA,NA,NA,NA,NA,NA,NA,NA,NA,NA,NA,NA,NA,NA,NA,NA,3,7,12,12,12,36,42,47,81,96,102,102,107,143,154,169,186,196,227,244,268,273,314,318,319,324,324,324,324,324,324,325,328,328,328,329,331,331,331,332,334,332,332,332,332,332,332,332,332,332,332,332,332,332,332,332,332,332,332,332,332,332,332,332,332,332,332,334,334,334,334,334,335,335,335,335,335,335,335,337,337
"31","Mexico",NA,NA,NA,NA,NA,NA,NA,NA,NA,NA,NA,NA,NA,NA,NA,NA,NA,NA,NA,NA,NA,NA,NA,NA,NA,NA,NA,NA,NA,NA,NA,NA,NA,NA,NA,2,2,5,5,5,5,5,5,7,7,7,7,11,12,26,41,53,53,82,93,118,164,164,251,370,370,478,478,589,717,848,993,1094,1215,1378,1510,1688,1890,2143,2439,2785,3181,3441,3844,4219,4661,5014,5399,5847,6297,6875,7497,8261,8772,9501,10544,11633,12872,13842,14677,15529,16752,17799,19224,20739,22088,23471,24905,26025,27634,29616,31522,33460,35022,36327,38324,40186,42595,45032,47144,49219,51633,54346,56594,59567,62527,65856,68620,71105,78023,74560,81400,84627,87512,90664,93435,97326,101238,105680,110026
"32","Montenegro",NA,NA,NA,NA,NA,NA,NA,NA,NA,NA,NA,NA,NA,NA,NA,NA,NA,NA,NA,NA,NA,NA,NA,NA,NA,NA,NA,NA,NA,NA,NA,NA,NA,NA,NA,NA,NA,NA,NA,NA,NA,NA,NA,NA,NA,NA,NA,NA,NA,NA,NA,NA,NA,2,2,10,14,14,21,22,29,52,67,70,82,85,91,105,120,140,160,197,203,223,248,248,252,255,262,267,274,288,288,303,305,308,308,312,313,314,316,319,319,321,321,321,322,322,322,322,322,323,324,324,324,324,324,325,325,324,324,324,324,324,324,324,324,324,324,324,324,324,324,324,324,324,324,324,324,324,324,324,324,324,324
"33","Netherlands",NA,NA,NA,NA,NA,NA,NA,NA,NA,NA,NA,NA,NA,NA,NA,NA,NA,NA,NA,NA,NA,NA,NA,NA,NA,NA,NA,NA,NA,NA,NA,NA,NA,NA,1,2,7,13,18,28,38,82,128,188,265,321,382,503,614,804,959,1135,1413,1705,2051,2460,2994,3631,4204,4749,5560,6412,7431,8603,9762,10866,11750,12595,13614,14697,15723,16627,17851,18803,19580,20549,21762,23097,24413,25587,26551,27419,28153,29214,30449,31589,32655,33405,34134,34842,35729,36535,37190,37845,38245,38416,38802,39316,39791,40236,40571,40770,41087,41319,41774,42093,42382,42627,42788,42984,43211,43481,43681,43870,43995,44141,44249,44447,44700,44888,45064,45236,45445,45578,45950,45768,46126,46257,46442,46545,46647,46733,46942,47152,47335
"34","New Zealand",NA,NA,NA,NA,NA,NA,NA,NA,NA,NA,NA,NA,NA,NA,NA,NA,NA,NA,NA,NA,NA,NA,NA,NA,NA,NA,NA,NA,NA,NA,NA,NA,NA,NA,1,1,1,1,2,2,2,4,5,5,5,5,5,5,5,6,6,6,11,11,20,39,53,66,102,102,189,262,338,416,476,552,600,647,723,774,824,872,911,943,969,992,1015,1035,1049,1064,1072,1078,1084,1086,1094,1098,1105,1107,1113,1112,1114,1117,1121,1122,1124,1126,1129,1132,1134,1136,1137,1137,1138,1139,1141,1142,1144,1147,1147,1147,1147,1148,1148,1149,1149,1153,1153,1153,1154,1154,1154,1154,1154,1154,1154,1154,1154,1154,1154,1154,1154,1154,1154,1154,1154
"35","North Macedonia",NA,NA,NA,NA,NA,NA,NA,NA,NA,NA,NA,NA,NA,NA,NA,NA,NA,NA,NA,NA,NA,NA,NA,NA,NA,NA,NA,NA,NA,NA,NA,NA,NA,1,1,1,1,1,1,1,1,1,3,3,3,7,7,7,7,9,13,13,19,31,36,48,70,85,114,136,148,177,201,219,241,259,285,329,354,384,430,483,555,570,599,617,663,711,828,828,854,908,974,1081,1117,1170,1207,1225,1231,1259,1300,1326,1367,1386,1399,1421,1442,1465,1494,1506,1511,1518,1526,1539,1572,1586,1622,1642,1664,1674,1694,1723,1740,1762,1792,1817,1839,1858,1898,1921,1941,1978,1999,2015,2078,2040,2130,2164,2226,2315,2391,2492,2612,2792,2915
"36","Norway",NA,NA,NA,NA,NA,NA,NA,NA,NA,NA,NA,NA,NA,NA,NA,NA,NA,NA,NA,NA,NA,NA,NA,NA,NA,NA,NA,NA,NA,NA,NA,NA,NA,1,4,6,15,19,25,33,56,86,113,147,169,192,277,489,489,750,907,1077,1169,1308,1423,1552,1742,1926,2132,2371,2566,2916,3156,3581,3845,4102,4226,4447,4665,4935,5208,5510,5640,5755,5863,6010,6160,6244,6320,6415,6488,6566,6677,6791,6791,6984,7068,7113,7166,7250,7345,7408,7467,7505,7533,7605,7667,7710,7759,7759,7809,7847,7903,7953,7995,8034,8069,8099,8106,8135,8158,8175,8197,8197,8197,8249,8257,8268,8268,8309,8309,8309,8352,8364,8401,8383,8411,8411,8411,8411,8446,8446,8477,8504,8504
"37","Portugal",NA,NA,NA,NA,NA,NA,NA,NA,NA,NA,NA,NA,NA,NA,NA,NA,NA,NA,NA,NA,NA,NA,NA,NA,NA,NA,NA,NA,NA,NA,NA,NA,NA,NA,NA,NA,NA,NA,2,2,7,9,13,21,30,30,41,41,41,112,112,245,331,448,642,785,1020,1280,1600,2060,2362,2995,3544,4268,5170,5962,6408,7443,8251,9034,9886,10524,11278,11730,12442,13141,13956,15472,15987,16585,16934,17448,18091,18841,19022,19685,20206,20863,21379,21982,22353,22797,23392,23864,24027,24322,24505,25056,25351,25190,25282,25524,25702,26182,26715,27268,27406,27581,27679,27913,28132,28319,28583,28810,29036,29209,29432,29660,29912,30200,30471,30623,30788,31007,31596,31292,31946,32203,32500,32700,32895,33261,33592,33969,34351
"38","Republic of Korea",2,2,4,4,4,4,11,12,15,15,16,18,23,24,24,27,27,28,28,28,28,28,29,30,31,51,104,204,346,602,763,977,1261,1766,2337,3150,3736,4212,4812,5328,5766,6284,6767,7134,7382,7513,7755,7869,7979,8086,8162,8236,8320,8320,8413,8652,8799,8897,8961,9037,9137,9241,9332,9478,9583,9661,9786,9887,9976,10062,10156,10237,10284,10331,10384,10423,10450,10480,10512,10537,10564,10591,10613,10635,10653,10661,10674,10683,10694,10702,10708,10718,10728,10738,10752,10761,10765,10774,10780,10793,10801,10804,10806,10810,10822,10840,10874,10909,10936,10962,10991,11018,11037,11050,11065,11078,11110,11122,11142,11165,11190,11206,11225,11265,11402,11344,11441,11468,11503,11541,11590,11629,11668,11719,11776
"39","Romania",NA,NA,NA,NA,NA,NA,NA,NA,NA,NA,NA,NA,NA,NA,NA,NA,NA,NA,NA,NA,NA,NA,NA,NA,NA,NA,NA,NA,NA,NA,NA,NA,NA,1,1,3,3,3,3,4,4,6,7,13,15,15,25,48,48,64,123,158,158,184,246,260,308,367,433,576,762,906,1029,1292,1452,1760,1952,2245,2460,2738,3183,3613,3864,4057,4417,4761,5202,5467,5990,6300,6633,6879,7216,7707,8067,8418,8746,8936,9242,9710,10096,10417,10635,11036,11339,11616,11978,12240,12567,12732,13163,13512,13837,14107,14499,14811,15131,15362,15588,15778,16002,16247,16437,16704,16871,17036,17191,17387,17585,17712,17857,18070,18283,18429,18791,18594,18982,19133,19257,19398,19517,19669,19907,20103,20290
"40","Serbia",NA,NA,NA,NA,NA,NA,NA,NA,NA,NA,NA,NA,NA,NA,NA,NA,NA,NA,NA,NA,NA,NA,NA,NA,NA,NA,NA,NA,NA,NA,NA,NA,NA,NA,NA,NA,NA,NA,NA,NA,NA,1,1,1,1,1,12,19,19,31,41,46,70,85,96,123,135,173,188,249,303,384,457,528,659,741,785,900,1060,1171,1476,1624,1908,2200,2447,2666,2867,3105,3380,3630,4054,4465,4873,5318,5690,5994,6318,6630,6890,7114,7276,7483,7779,8042,8275,8497,8724,9009,9205,9362,9464,9557,9677,9791,9848,9943,10032,10114,10176,10243,10295,10374,10438,10496,10610,10699,10733,10833,10919,11024,11092,11159,11193,11227,11300,11275,11354,11381,11412,11430,11454,11523,11571,11667,11741
"41","Singapore",3,4,4,7,7,10,13,16,18,18,18,24,28,30,33,40,43,45,47,50,58,67,72,75,77,81,84,85,86,89,89,90,91,93,96,98,102,106,108,110,110,117,130,138,150,160,166,178,187,200,212,243,243,266,313,345,385,432,455,507,558,631,683,732,802,844,879,926,1000,1049,1114,1189,1309,1375,1481,1623,1910,2108,2299,2532,2918,3252,3699,4427,5050,5992,6588,8014,9125,10141,11178,12075,12693,13624,14423,14951,15641,16169,17101,17548,18205,18778,19410,20198,20939,21707,22460,23336,23822,24671,25346,26098,26891,27356,28038,28343,28794,29364,29812,30426,31068,31616,31960,32343,33249,32876,33860,34366,34884,35292,35836,36405,36922,37183,37527
"42","Slovakia",NA,NA,NA,NA,NA,NA,NA,NA,NA,NA,NA,NA,NA,NA,NA,NA,NA,NA,NA,NA,NA,NA,NA,NA,NA,NA,NA,NA,NA,NA,NA,NA,NA,NA,NA,NA,NA,NA,NA,NA,NA,NA,1,3,5,7,7,10,21,30,44,61,72,97,105,123,137,178,185,191,204,216,226,295,295,336,336,363,400,426,450,471,485,534,598,682,701,715,728,742,769,835,863,977,1049,1089,1161,1173,1199,1244,1325,1360,1373,1379,1381,1384,1391,1396,1403,1407,1408,1413,1421,1429,1445,1455,1455,1457,1457,1465,1469,1477,1480,1493,1494,1495,1495,1496,1502,1503,1504,1509,1511,1513,1520,1515,1520,1521,1522,1522,1522,1525,1526,1526,1528
"43","Slovenia",NA,NA,NA,NA,NA,NA,NA,NA,NA,NA,NA,NA,NA,NA,NA,NA,NA,NA,NA,NA,NA,NA,NA,NA,NA,NA,NA,NA,NA,NA,NA,NA,NA,NA,NA,NA,NA,NA,NA,NA,1,6,9,12,16,23,31,57,57,141,141,219,253,275,286,319,341,383,414,442,480,528,577,632,691,730,763,814,841,897,934,977,997,1021,1055,1091,1124,1160,1188,1205,1212,1220,1248,1268,1304,1317,1330,1335,1340,1353,1366,1373,1388,1407,1407,1408,1418,1429,1434,1439,1439,1439,1445,1448,1449,1450,1454,1457,1460,1461,1463,1464,1465,1465,1466,1466,1467,1468,1468,1478,1478,1509,1469,1469,1473,1471,1473,1473,1473,1483,1475,1477,1477,1489,1494
"44","Spain",NA,NA,NA,NA,NA,NA,NA,1,1,1,1,1,1,1,1,1,2,2,2,2,2,2,2,2,2,2,2,2,2,2,2,2,2,12,25,32,45,45,114,151,198,257,374,430,589,1024,1639,2140,2965,4231,5753,7753,9191,11178,13716,17147,19980,24926,28572,33089,39673,47610,56188,64059,72248,78797,85195,94417,102136,110238,117710,124736,130759,135032,140510,146690,152446,157022,161852,166019,169496,172541,177633,182816,188068,191726,195944,200210,204178,208389,213024,219764,219764,207634,209465,210773,212917,213435,215216,216582,217466,218011,219329,220325,221447,222857,223578,224390,227436,228030,228691,229540,230183,230698,231350,231606,232037,232555,233037,234824,235290,235772,235400,236631,238278,237141,238936,239600,239801,240010,240304,240326,240660,240978,241310
"45","Sweden",NA,NA,NA,NA,NA,NA,NA,1,1,1,1,1,1,1,1,1,1,1,1,1,1,1,1,1,1,1,1,1,1,1,1,1,1,2,7,12,13,14,15,24,35,61,137,161,203,248,326,461,620,775,924,992,1059,1167,1279,1423,1623,1746,1906,2016,2272,2510,2806,3046,3447,3700,4028,4435,4947,5466,6078,6443,6830,7206,7693,8419,9141,9685,10151,10483,10948,11445,11927,12540,13216,13822,14385,14777,15322,16004,16755,17567,18177,18640,18926,19621,20302,21092,21520,22082,22317,22721,23216,23918,24623,25265,25921,26322,26670,27272,27909,28582,29207,29677,30143,30377,30799,31523,32172,32809,33188,33459,33843,34440,35727,35088,36476,37113,37542,37814,38589,40803,41883,42939,43887
"46","Switzerland",NA,NA,NA,NA,NA,NA,NA,NA,NA,NA,NA,NA,NA,NA,NA,NA,NA,NA,NA,NA,NA,NA,NA,NA,NA,NA,NA,NA,NA,NA,NA,NA,1,1,6,10,18,24,30,37,56,86,209,264,332,332,491,645,858,1125,1359,2200,2200,2650,3010,3863,4840,6077,6971,8015,8789,9714,10714,12104,13152,14274,15412,16108,17070,18844,19706,20489,21065,21574,22164,22710,23495,24228,24820,25220,25499,25753,26336,26651,26997,27322,27658,27862,27981,28186,28414,28595,28978,28978,29081,29181,29324,29503,29622,29734,29822,29898,29926,29977,30043,30168,30168,30222,30261,30297,30330,30380,30431,30489,30504,30514,30535,30575,30611,30624,30642,30653,30663,30678,30713,30693,30745,30762,30779,30788,30791,30810,30830,30853,30873
"47","Syrian Arab Republic",NA,NA,NA,NA,NA,NA,NA,NA,NA,NA,NA,NA,NA,NA,NA,NA,NA,NA,NA,NA,NA,NA,NA,NA,NA,NA,NA,NA,NA,NA,NA,NA,NA,NA,NA,NA,NA,NA,NA,NA,NA,NA,NA,NA,NA,NA,NA,NA,NA,NA,NA,NA,NA,NA,NA,NA,NA,NA,1,1,1,5,5,5,5,9,10,10,10,16,16,16,19,19,19,19,19,19,25,25,25,29,33,33,38,38,39,39,42,42,42,42,42,42,43,43,43,43,44,44,44,44,44,45,45,47,47,47,47,47,48,48,50,51,58,58,58,58,58,59,70,86,106,121,122,121,122,122,122,123,123,123,124,124,125
"48","Thailand",4,5,5,14,14,14,14,19,19,19,19,25,25,25,32,32,32,33,33,33,33,34,34,35,35,35,35,35,35,35,35,37,40,40,40,42,42,42,43,43,47,47,48,50,50,53,59,70,75,75,75,114,147,177,212,322,322,411,721,827,934,934,1136,1136,1388,1524,1524,1771,1771,1875,1978,2067,2169,2220,2369,2423,2473,2518,2551,2579,2613,2643,2672,2700,2733,2765,2792,2811,2826,2839,2854,2907,2922,2931,2938,2947,2954,2960,2966,2969,2987,2988,2989,2992,3000,3004,3009,3009,3017,3017,3018,3025,3025,3028,3031,3033,3034,3037,3037,3040,3040,3042,3045,3054,3076,3065,3077,3081,3082,3083,3084,3101,3102,3104,3112
"49","The United Kingdom",NA,NA,NA,NA,NA,NA,NA,NA,NA,NA,NA,NA,2,3,3,3,4,8,8,9,9,9,9,9,9,9,9,9,9,9,9,13,13,13,16,20,23,36,39,51,89,118,167,210,277,323,373,460,594,802,1144,1395,1547,1954,2630,3277,3983,5018,5687,6654,8081,9533,11662,14547,17093,19526,22145,25154,29478,33722,38172,41907,47810,51612,55246,60737,65081,70276,78995,84283,88625,93877,98480,103097,108696,114221,120071,124747,129048,133499,138082,143468,148381,152844,157153,161149,165225,171257,177458,182264,186603,190588,194994,201205,206719,211368,215264,219187,223064,226467,229709,233155,236715,240165,243699,246410,248822,248297,250912,254199,257158,259563,261188,265231,269131,267244,271226,272830,2747661,276336,277989,279860,281665,283315,284872
"50","United States of America",2,2,5,5,5,5,6,7,8,11,11,11,12,12,12,12,12,13,13,14,15,15,15,15,15,15,15,15,35,35,35,53,53,59,59,62,62,62,64,108,129,148,213,213,213,472,696,987,1264,1678,1678,1678,3503,3536,7087,10442,15219,15219,31573,42164,51914,63570,68334,85228,103321,122653,140640,163199,187302,213600,241703,273808,307318,333811,363321,395030,425889,461275,492881,524514,553822,578268,604070,632781,665330,695353,723605,751273,776907,800926,830053,860772,899281,931698,960916,983457,1003974,1035353,1067127,1093880,1125719,1154985,1171185,1193452,1215571,1245874,1245775,1271645,1298287,1322054,1340098,1361522,1382362,1409452,1432265,1464232,1477459,1501876,1525186,1547973,1568448,1592599,1618757,1634010,1675258,1658896,1694864,1716078,1734040,1783638,1798330,1823220,1837803,1857872,1886794
